source_dataset,building,label_mode,tag,model,family,architecture,hidden_col,param_count,node_count,leaf_count,tree_count,model_size_bytes,model_size_human,table_size_text,notes
LBNL_DataFDD,RTU,raw,LBNL_DataFDD__RTU__RAW,LinearSVM,Tabular,Linear classifier with C=1.0 and class-balanced weighting.,--,140.0,,,,1725,1.68 KB,140 weights,"coef_shape=(7, 19), intercept_shape=(7,), n_features=19, n_classes=10"
LBNL_DataFDD,RTU,raw,LBNL_DataFDD__RTU__RAW,RF,Tabular,400 decision trees; minimum leaf size 2; unrestricted depth; class-balanced subsampling.,--,,693030.0,346715.0,400.0,83300613,79.44 MB,"693,030 nodes","trees=400, leaves=346715, n_features=19, n_classes=10"
LBNL_DataFDD,RTU,raw,LBNL_DataFDD__RTU__RAW,XGBoost,Tabular,300 boosted trees; maximum depth 5; learning rate 0.08; row/column subsampling 0.85.,--,,64686.0,33393.0,2100.0,3584122,3.42 MB,"64,686 nodes","trees=2100, leaves=33393, n_features=19, n_classes=10"
LBNL_DataFDD,RTU,raw,LBNL_DataFDD__RTU__RAW,LSTM,Sequence,2×LSTM + linear classifier (last step to logits); dropout 0.2.,64,55690.0,,,,225377,220.09 KB,"55,690 params","input_dim=19, hidden=64, layers=2, n_classes=10"
LBNL_DataFDD,RTU,raw,LBNL_DataFDD__RTU__RAW,CNN-LSTM,Sequence,"Conv1D (32 channels, kernel size 3) + 1×LSTM + linear classifier.",64,27594.0,,,,113113,110.46 KB,"27,594 params","input_dim=19, conv_channels=32, hidden=64, n_classes=10"
LBNL_DataFDD,RTU,raw,LBNL_DataFDD__RTU__RAW,Informer,Sequence,Input projection to d=64 + 2×Transformer encoder (4 heads) + linear classifier.,64,564234.0,,,,2266895,2.16 MB,"564,234 params","input_dim=19, d_model=64, nhead=4, layers=2, ff_dim=2048, n_classes=10"
LBNL_DataFDD,SZCAV,raw,LBNL_DataFDD__SZCAV__RAW,LinearSVM,Tabular,Linear classifier with C=1.0 and class-balanced weighting.,--,84.0,,,,1269,1.24 KB,84 weights,"coef_shape=(6, 13), intercept_shape=(6,), n_features=13, n_classes=7"
LBNL_DataFDD,SZCAV,raw,LBNL_DataFDD__SZCAV__RAW,RF,Tabular,400 decision trees; minimum leaf size 2; unrestricted depth; class-balanced subsampling.,--,,432288.0,216344.0,400.0,48546497,46.30 MB,"432,288 nodes","trees=400, leaves=216344, n_features=13, n_classes=7"
LBNL_DataFDD,SZCAV,raw,LBNL_DataFDD__SZCAV__RAW,XGBoost,Tabular,300 boosted trees; maximum depth 5; learning rate 0.08; row/column subsampling 0.85.,--,,59272.0,30536.0,1800.0,3202946,3.05 MB,"59,272 nodes","trees=1800, leaves=30536, n_features=13, n_classes=7"
LBNL_DataFDD,SZCAV,raw,LBNL_DataFDD__SZCAV__RAW,LSTM,Sequence,2×LSTM + linear classifier (last step to logits); dropout 0.2.,64,53959.0,,,,218465,213.34 KB,"53,959 params","input_dim=13, hidden=64, layers=2, n_classes=7"
LBNL_DataFDD,SZCAV,raw,LBNL_DataFDD__SZCAV__RAW,CNN-LSTM,Sequence,"Conv1D (32 channels, kernel size 3) + 1×LSTM + linear classifier.",64,26823.0,,,,110041,107.46 KB,"26,823 params","input_dim=13, conv_channels=32, hidden=64, n_classes=7"
LBNL_DataFDD,SZCAV,raw,LBNL_DataFDD__SZCAV__RAW,Informer,Sequence,Input projection to d=64 + 2×Transformer encoder (4 heads) + linear classifier.,64,563655.0,,,,2264591,2.16 MB,"563,655 params","input_dim=13, d_model=64, nhead=4, layers=2, ff_dim=2048, n_classes=7"
LBNL_DataFDD,SZVAV,raw,LBNL_DataFDD__SZVAV__RAW,LinearSVM,Tabular,Linear classifier with C=1.0 and class-balanced weighting.,--,70.0,,,,1149,1.12 KB,70 weights,"coef_shape=(5, 13), intercept_shape=(5,), n_features=13, n_classes=6"
LBNL_DataFDD,SZVAV,raw,LBNL_DataFDD__SZVAV__RAW,RF,Tabular,400 decision trees; minimum leaf size 2; unrestricted depth; class-balanced subsampling.,--,,228318.0,114359.0,400.0,23870986,22.77 MB,"228,318 nodes","trees=400, leaves=114359, n_features=13, n_classes=6"
LBNL_DataFDD,SZVAV,raw,LBNL_DataFDD__SZVAV__RAW,XGBoost,Tabular,300 boosted trees; maximum depth 5; learning rate 0.08; row/column subsampling 0.85.,--,,40914.0,21207.0,1500.0,2381642,2.27 MB,"40,914 nodes","trees=1500, leaves=21207, n_features=13, n_classes=6"
LBNL_DataFDD,SZVAV,raw,LBNL_DataFDD__SZVAV__RAW,LSTM,Sequence,2×LSTM + linear classifier (last step to logits); dropout 0.2.,64,53894.0,,,,218209,213.09 KB,"53,894 params","input_dim=13, hidden=64, layers=2, n_classes=6"
LBNL_DataFDD,SZVAV,raw,LBNL_DataFDD__SZVAV__RAW,CNN-LSTM,Sequence,"Conv1D (32 channels, kernel size 3) + 1×LSTM + linear classifier.",64,26758.0,,,,109785,107.21 KB,"26,758 params","input_dim=13, conv_channels=32, hidden=64, n_classes=6"
LBNL_DataFDD,SZVAV,raw,LBNL_DataFDD__SZVAV__RAW,Informer,Sequence,Input projection to d=64 + 2×Transformer encoder (4 heads) + linear classifier.,64,563590.0,,,,2264335,2.16 MB,"563,590 params","input_dim=13, d_model=64, nhead=4, layers=2, ff_dim=2048, n_classes=6"
LBNL_DataFDD,MZVAV_1,raw,LBNL_DataFDD__MZVAV_1__RAW,LinearSVM,Tabular,Linear classifier with C=1.0 and class-balanced weighting.,--,17.0,,,,699,699 B,17 weights,"coef_shape=(1, 16), intercept_shape=(1,), n_features=16, n_classes=2"
LBNL_DataFDD,MZVAV_1,raw,LBNL_DataFDD__MZVAV_1__RAW,RF,Tabular,400 decision trees; minimum leaf size 2; unrestricted depth; class-balanced subsampling.,--,,3395728.0,1698064.0,400.0,271779199,259.19 MB,"3,395,728 nodes","trees=400, leaves=1698064, n_features=16, n_classes=2"
LBNL_DataFDD,MZVAV_1,raw,LBNL_DataFDD__MZVAV_1__RAW,XGBoost,Tabular,300 boosted trees; maximum depth 5; learning rate 0.08; row/column subsampling 0.85.,--,,28774.0,14687.0,600.0,1377466,1.31 MB,"28,774 nodes","trees=600, leaves=14687, n_features=16, n_classes=2"
LBNL_DataFDD,MZVAV_1,raw,LBNL_DataFDD__MZVAV_1__RAW,LSTM,Sequence,2×LSTM + linear classifier (last step to logits); dropout 0.2.,64,54402.0,,,,220257,215.09 KB,"54,402 params","input_dim=16, hidden=64, layers=2, n_classes=2"
LBNL_DataFDD,MZVAV_1,raw,LBNL_DataFDD__MZVAV_1__RAW,CNN-LSTM,Sequence,"Conv1D (32 channels, kernel size 3) + 1×LSTM + linear classifier.",64,26786.0,,,,109913,107.34 KB,"26,786 params","input_dim=16, conv_channels=32, hidden=64, n_classes=2"
LBNL_DataFDD,MZVAV_1,raw,LBNL_DataFDD__MZVAV_1__RAW,Informer,Sequence,Input projection to d=64 + 2×Transformer encoder (4 heads) + linear classifier.,64,563522.0,,,,2264079,2.16 MB,"563,522 params","input_dim=16, d_model=64, nhead=4, layers=2, ff_dim=2048, n_classes=2"
LBNL_DataFDD,MZVAV_2_1,raw,LBNL_DataFDD__MZVAV_2_1__RAW,LinearSVM,Tabular,Linear classifier with C=1.0 and class-balanced weighting.,--,18.0,,,,707,707 B,18 weights,"coef_shape=(1, 17), intercept_shape=(1,), n_features=17, n_classes=2"
LBNL_DataFDD,MZVAV_2_1,raw,LBNL_DataFDD__MZVAV_2_1__RAW,RF,Tabular,400 decision trees; minimum leaf size 2; unrestricted depth; class-balanced subsampling.,--,,32382.0,16391.0,400.0,2703514,2.58 MB,"32,382 nodes","trees=400, leaves=16391, n_features=17, n_classes=2"
LBNL_DataFDD,MZVAV_2_1,raw,LBNL_DataFDD__MZVAV_2_1__RAW,XGBoost,Tabular,300 boosted trees; maximum depth 5; learning rate 0.08; row/column subsampling 0.85.,--,,4364.0,2482.0,600.0,547020,534.20 KB,"4,364 nodes","trees=600, leaves=2482, n_features=17, n_classes=2"
LBNL_DataFDD,MZVAV_2_1,raw,LBNL_DataFDD__MZVAV_2_1__RAW,LSTM,Sequence,2×LSTM + linear classifier (last step to logits); dropout 0.2.,64,54658.0,,,,221281,216.09 KB,"54,658 params","input_dim=17, hidden=64, layers=2, n_classes=2"
LBNL_DataFDD,MZVAV_2_1,raw,LBNL_DataFDD__MZVAV_2_1__RAW,CNN-LSTM,Sequence,"Conv1D (32 channels, kernel size 3) + 1×LSTM + linear classifier.",64,26882.0,,,,110297,107.71 KB,"26,882 params","input_dim=17, conv_channels=32, hidden=64, n_classes=2"
LBNL_DataFDD,MZVAV_2_1,raw,LBNL_DataFDD__MZVAV_2_1__RAW,Informer,Sequence,Input projection to d=64 + 2×Transformer encoder (4 heads) + linear classifier.,64,563586.0,,,,2264335,2.16 MB,"563,586 params","input_dim=17, d_model=64, nhead=4, layers=2, ff_dim=2048, n_classes=2"
LBNL_DataFDD,MZVAV_2_2,raw,LBNL_DataFDD__MZVAV_2_2__RAW,LinearSVM,Tabular,Linear classifier with C=1.0 and class-balanced weighting.,--,54.0,,,,1005,1005 B,54 weights,"coef_shape=(3, 17), intercept_shape=(3,), n_features=17, n_classes=4"
LBNL_DataFDD,MZVAV_2_2,raw,LBNL_DataFDD__MZVAV_2_2__RAW,RF,Tabular,400 decision trees; minimum leaf size 2; unrestricted depth; class-balanced subsampling.,--,,148140.0,74270.0,400.0,13154903,12.55 MB,"148,140 nodes","trees=400, leaves=74270, n_features=17, n_classes=4"
LBNL_DataFDD,MZVAV_2_2,raw,LBNL_DataFDD__MZVAV_2_2__RAW,XGBoost,Tabular,300 boosted trees; maximum depth 5; learning rate 0.08; row/column subsampling 0.85.,--,,24656.0,12778.0,900.0,1434597,1.37 MB,"24,656 nodes","trees=900, leaves=12778, n_features=17, n_classes=4"
LBNL_DataFDD,MZVAV_2_2,raw,LBNL_DataFDD__MZVAV_2_2__RAW,LSTM,Sequence,2×LSTM + linear classifier (last step to logits); dropout 0.2.,64,54788.0,,,,221793,216.59 KB,"54,788 params","input_dim=17, hidden=64, layers=2, n_classes=4"
LBNL_DataFDD,MZVAV_2_2,raw,LBNL_DataFDD__MZVAV_2_2__RAW,CNN-LSTM,Sequence,"Conv1D (32 channels, kernel size 3) + 1×LSTM + linear classifier.",64,27012.0,,,,110809,108.21 KB,"27,012 params","input_dim=17, conv_channels=32, hidden=64, n_classes=4"
LBNL_DataFDD,MZVAV_2_2,raw,LBNL_DataFDD__MZVAV_2_2__RAW,Informer,Sequence,Input projection to d=64 + 2×Transformer encoder (4 heads) + linear classifier.,64,563716.0,,,,2264847,2.16 MB,"563,716 params","input_dim=17, d_model=64, nhead=4, layers=2, ff_dim=2048, n_classes=4"
Nature_LCU_Wang,auditorium,raw,Nature_LCU_Wang__auditorium__RAW,LinearSVM,Tabular,Linear classifier with C=1.0 and class-balanced weighting.,--,112.0,,,,1501,1.47 KB,112 weights,"coef_shape=(7, 15), intercept_shape=(7,), n_features=15, n_classes=7"
Nature_LCU_Wang,auditorium,raw,Nature_LCU_Wang__auditorium__RAW,RF,Tabular,400 decision trees; minimum leaf size 2; unrestricted depth; class-balanced subsampling.,--,,1065932.0,533166.0,400.0,128048857,122.12 MB,"1,065,932 nodes","trees=400, leaves=533166, n_features=15, n_classes=7"
Nature_LCU_Wang,auditorium,raw,Nature_LCU_Wang__auditorium__RAW,XGBoost,Tabular,300 boosted trees; maximum depth 5; learning rate 0.08; row/column subsampling 0.85.,--,,60014.0,31057.0,2100.0,3425303,3.27 MB,"60,014 nodes","trees=2100, leaves=31057, n_features=15, n_classes=7"
Nature_LCU_Wang,auditorium,raw,Nature_LCU_Wang__auditorium__RAW,LSTM,Sequence,2×LSTM + linear classifier (last step to logits); dropout 0.2.,64,54471.0,,,,220513,215.34 KB,"54,471 params","input_dim=15, hidden=64, layers=2, n_classes=7"
Nature_LCU_Wang,auditorium,raw,Nature_LCU_Wang__auditorium__RAW,CNN-LSTM,Sequence,"Conv1D (32 channels, kernel size 3) + 1×LSTM + linear classifier.",64,27015.0,,,,110809,108.21 KB,"27,015 params","input_dim=15, conv_channels=32, hidden=64, n_classes=7"
Nature_LCU_Wang,auditorium,raw,Nature_LCU_Wang__auditorium__RAW,Informer,Sequence,Input projection to d=64 + 2×Transformer encoder (4 heads) + linear classifier.,64,563783.0,,,,2265103,2.16 MB,"563,783 params","input_dim=15, d_model=64, nhead=4, layers=2, ff_dim=2048, n_classes=7"
Nature_LCU_Wang,office,raw,Nature_LCU_Wang__office__RAW,LinearSVM,Tabular,Linear classifier with C=1.0 and class-balanced weighting.,--,95.0,,,,1349,1.32 KB,95 weights,"coef_shape=(5, 18), intercept_shape=(5,), n_features=18, n_classes=5"
Nature_LCU_Wang,office,raw,Nature_LCU_Wang__office__RAW,RF,Tabular,400 decision trees; minimum leaf size 2; unrestricted depth; class-balanced subsampling.,--,,1040710.0,520555.0,400.0,108364432,103.34 MB,"1,040,710 nodes","trees=400, leaves=520555, n_features=18, n_classes=5"
Nature_LCU_Wang,office,raw,Nature_LCU_Wang__office__RAW,XGBoost,Tabular,300 boosted trees; maximum depth 5; learning rate 0.08; row/column subsampling 0.85.,--,,45302.0,23401.0,1500.0,2530741,2.41 MB,"45,302 nodes","trees=1500, leaves=23401, n_features=18, n_classes=5"
Nature_LCU_Wang,office,raw,Nature_LCU_Wang__office__RAW,LSTM,Sequence,2×LSTM + linear classifier (last step to logits); dropout 0.2.,64,55109.0,,,,223073,217.84 KB,"55,109 params","input_dim=18, hidden=64, layers=2, n_classes=5"
Nature_LCU_Wang,office,raw,Nature_LCU_Wang__office__RAW,CNN-LSTM,Sequence,"Conv1D (32 channels, kernel size 3) + 1×LSTM + linear classifier.",64,27173.0,,,,111449,108.84 KB,"27,173 params","input_dim=18, conv_channels=32, hidden=64, n_classes=5"
Nature_LCU_Wang,office,raw,Nature_LCU_Wang__office__RAW,Informer,Sequence,Input projection to d=64 + 2×Transformer encoder (4 heads) + linear classifier.,64,563845.0,,,,2265359,2.16 MB,"563,845 params","input_dim=18, d_model=64, nhead=4, layers=2, ff_dim=2048, n_classes=5"
Nature_LCU_Wang,hospital,raw,Nature_LCU_Wang__hospital__RAW,LinearSVM,Tabular,Linear classifier with C=1.0 and class-balanced weighting.,--,40.0,,,,909,909 B,40 weights,"coef_shape=(5, 7), intercept_shape=(5,), n_features=7, n_classes=6"
Nature_LCU_Wang,hospital,raw,Nature_LCU_Wang__hospital__RAW,RF,Tabular,400 decision trees; minimum leaf size 2; unrestricted depth; class-balanced subsampling.,--,,937654.0,469027.0,400.0,97646613,93.12 MB,"937,654 nodes","trees=400, leaves=469027, n_features=7, n_classes=6"
Nature_LCU_Wang,hospital,raw,Nature_LCU_Wang__hospital__RAW,XGBoost,Tabular,300 boosted trees; maximum depth 5; learning rate 0.08; row/column subsampling 0.85.,--,,45706.0,23603.0,1500.0,2542821,2.43 MB,"45,706 nodes","trees=1500, leaves=23603, n_features=7, n_classes=6"
Nature_LCU_Wang,hospital,raw,Nature_LCU_Wang__hospital__RAW,LSTM,Sequence,2×LSTM + linear classifier (last step to logits); dropout 0.2.,64,52358.0,,,,212065,207.09 KB,"52,358 params","input_dim=7, hidden=64, layers=2, n_classes=6"
Nature_LCU_Wang,hospital,raw,Nature_LCU_Wang__hospital__RAW,CNN-LSTM,Sequence,"Conv1D (32 channels, kernel size 3) + 1×LSTM + linear classifier.",64,26182.0,,,,107481,104.96 KB,"26,182 params","input_dim=7, conv_channels=32, hidden=64, n_classes=6"
Nature_LCU_Wang,hospital,raw,Nature_LCU_Wang__hospital__RAW,Informer,Sequence,Input projection to d=64 + 2×Transformer encoder (4 heads) + linear classifier.,64,563206.0,,,,2262799,2.16 MB,"563,206 params","input_dim=7, d_model=64, nhead=4, layers=2, ff_dim=2048, n_classes=6"
